{"distance_km": 93.3099635314918, "duration_min": 499.5, "avg_speed_kmh": 11.208404027806823, "max_speed_kmh": 13.165907144803093}