{"distance_km": 79.4482698360936, "duration_min": 499.5, "avg_speed_kmh": 9.543335716047281, "max_speed_kmh": 11.720227451972951}