{"distance_km": 205.711324356238, "duration_min": 499.5, "avg_speed_kmh": 24.710068991740304, "max_speed_kmh": 26.547481439462665}